[
    {
        "id": "81549c79-3f6c-45ac-94cc-8066e2549fef",
        "user": "Guest",
        "date": "2025-05-03",
        "time": "21:12:27",
        "amount": 500,
        "method": "GCash",
        "screenshot": "Screenshot_2024-05-16_153918.png",
        "status": "Approved"
    },
    {
        "id": "399e441b-ff88-4f72-89b3-d8e542347e08",
        "user": "Guest",
        "date": "2025-05-03",
        "time": "22:09:10",
        "amount": 500,
        "method": "GCash",
        "screenshot": "Screenshot_2024-05-16_153918.png",
        "status": "Approved"
    },
    {
        "id": "ccedb3de-85cb-4535-8e62-c8ff5df99130",
        "user": "Guest",
        "date": "2025-05-04",
        "time": "10:54:24",
        "amount": 1000,
        "method": "GCash",
        "screenshot": "Screenshot_2024-05-16_153918.png",
        "status": "Rejected"
    },
    {
        "id": "95dc4a25-aa4f-4424-8f81-347a5776a561",
        "user": "Guest",
        "date": "2025-05-04",
        "time": "11:32:00",
        "amount": 1000,
        "method": "GCash",
        "screenshot": "Screenshot_2024-05-16_153918.png",
        "status": "Approved"
    },
    {
        "id": "e56b7250-29cf-4335-9c6c-a24d769b815a",
        "user": "Guest",
        "date": "2025-05-04",
        "time": "11:57:53",
        "amount": 1000,
        "method": "GCash",
        "screenshot": "Screenshot_2024-05-16_153918.png",
        "status": "Approved"
    },
    {
        "id": "d18138ee-29df-46fe-9175-1b010ae31808",
        "user": "Guest",
        "date": "2025-05-04",
        "time": "12:55:32",
        "amount": 1000,
        "method": "GCash",
        "screenshot": "Screenshot_2024-05-02_133847.png",
        "status": "Approved"
    }
]